Poste,Entreprise,Ville,Skills_IA,Date,Source
,Data Engineer H/F,REMOTE,"AWS, PYSPARK, HADOOP",2026-03-30,Hellowork
,Data Engineer H/F,REMOTE,"AWS, PYSPARK, HADOOP",2026-03-30,Hellowork
,Data Engineer H/F,REMOTE,"AWS, PYSPARK, HADOOP",2026-03-30,Hellowork
,Data Engineer H/F,REMOTE,"AWS, PYSPARK, HADOOP",2026-03-30,Hellowork
,Data Engineer H/F,REMOTE,"AWS, PYSPARK, HADOOP",2026-03-30,Hellowork
,Data Engineer H/F,REMOTE,"AWS, PYSPARK, HADOOP",2026-03-30,Hellowork
,Data Engineer H/F,REMOTE,"AWS, PYSPARK, HADOOP",2026-03-30,Hellowork
,Data Engineer H/F,REMOTE,"AWS, PYSPARK, HADOOP",2026-03-30,Hellowork
,Data Engineer H/F,REMOTE,"AWS, PYSPARK, HADOOP",2026-03-30,Hellowork
,Data Engineer H/F,REMOTE,"AWS, PYSPARK, HADOOP",2026-03-30,Hellowork
,Data Engineer H/F,REMOTE,"AWS, PYSPARK, HADOOP",2026-03-30,Hellowork
,Data Engineer H/F,REMOTE,"AWS, PYSPARK, HADOOP",2026-03-30,Hellowork
,Data Engineer H/F,REMOTE,"AWS, PYSPARK, HADOOP",2026-03-30,Hellowork
,Data Engineer H/F,REMOTE,"AWS, PYSPARK, HADOOP",2026-03-30,Hellowork
,Data Engineer H/F,REMOTE,"AWS, PYSPARK, HADOOP",2026-03-30,Hellowork
,Data Engineer H/F,REMOTE,"AWS, PYSPARK, HADOOP",2026-03-30,Hellowork
,Data Engineer H/F,REMOTE,"AWS, PYSPARK, HADOOP",2026-03-30,Hellowork
,Data Engineer M H/F,REMOTE,"SPARK, HADOOP, KAFKA",2026-03-30,Hellowork
,Data Engineer H/F,REMOTE,"AWS, PYSPARK, HADOOP",2026-03-30,Hellowork
,Data Engineer H/F,REMOTE,"AWS, PYSPARK, HADOOP",2026-03-30,Hellowork
,Data Engineer H/F,REMOTE,"AWS, PYSPARK, HADOOP",2026-03-30,Hellowork
,Data Engineer H/F,REMOTE,"AWS, PYSPARK, HADOOP",2026-03-30,Hellowork
,Data Engineer H/F,REMOTE,"AWS, PYSPARK, HADOOP",2026-03-30,Hellowork
,Data Engineer H/F,REMOTE,"AWS, PYSPARK, HADOOP",2026-03-30,Hellowork
,Data Engineer H/F,REMOTE,"AWS, PYSPARK, HADOOP",2026-03-30,Hellowork
,Data Engineer H/F,REMOTE,"AWS, PYSPARK, HADOOP",2026-03-30,Hellowork
,Data Engineer H/F,REMOTE,"AWS, PYSPARK, HADOOP",2026-03-30,Hellowork
,Data Engineer H/F,REMOTE,"AWS, PYSPARK, HADOOP",2026-03-30,Hellowork
,Data Engineer H/F,REMOTE,"AWS, PYSPARK, HADOOP",2026-03-30,Hellowork
,Data Engineer H/F,REMOTE,"AWS, PYSPARK, HADOOP",2026-03-30,Hellowork
,Data Engineer H/F,REMOTE,"AWS, PYSPARK, HADOOP",2026-03-30,Hellowork
,Data Engineer H/F,REMOTE,"AWS, PYSPARK, HADOOP",2026-03-30,Hellowork
,Data Engineer H/F,REMOTE,"AWS, PYSPARK, HADOOP",2026-03-30,Hellowork
,Data Engineer H/F,REMOTE,"AWS, PYSPARK, HADOOP",2026-03-30,Hellowork
,Data Engineer H/F,REMOTE,"AWS, PYSPARK, HADOOP",2026-03-30,Hellowork
,Data Engineer H/F,REMOTE,"AWS, PYSPARK, HADOOP",2026-03-30,Hellowork
,Data Engineer H/F,REMOTE,"AWS, PYSPARK, HADOOP",2026-03-30,Hellowork
,Data Engineer H/F,REMOTE,"AWS, PYSPARK, HADOOP",2026-03-30,Hellowork
,Data Engineer H/F,REMOTE,"AWS, PYSPARK, HADOOP",2026-03-30,Hellowork
,Data Engineer H/F,REMOTE,"AWS, PYSPARK, HADOOP",2026-03-30,Hellowork
,Data Engineer H/F,REMOTE,"AWS, PYSPARK, HADOOP",2026-03-30,Hellowork
,Data Engineer H/F,REMOTE,"AWS, PYSPARK, HADOOP",2026-03-30,Hellowork
,Data Engineer H/F,REMOTE,"AWS, PYSPARK, HADOOP",2026-03-30,Hellowork
,Data Engineer H/F,REMOTE,"AWS, PYSPARK, HADOOP",2026-03-30,Hellowork
,Data Engineer H/F,REMOTE,"AWS, PYSPARK, HADOOP",2026-03-30,Hellowork
,Data Engineer H/F,REMOTE,"AWS, PYSPARK, HADOOP",2026-03-30,Hellowork
,Data Engineer H/F,REMOTE,"AWS, PYSPARK, HADOOP",2026-03-30,Hellowork
,Data Engineer H/F,REMOTE,"AWS, PYSPARK, HADOOP",2026-03-30,Hellowork
,Data Engineer H/F,REMOTE,"AWS, PYSPARK, HADOOP",2026-03-30,Hellowork
,Data Engineer H/F,REMOTE,"AWS, PYSPARK, HADOOP",2026-03-30,Hellowork
,Data Engineer H/F,REMOTE,"AWS, PYSPARK, HADOOP",2026-03-30,Hellowork
,Data Engineer H/F,REMOTE,"AWS, PYSPARK, HADOOP",2026-03-30,Hellowork
,Data Engineer H/F,REMOTE,"AWS, PYSPARK, HADOOP",2026-03-30,Hellowork
,Data Engineer H/F,REMOTE,"AWS, PYSPARK, HADOOP",2026-03-30,Hellowork
,Data Engineer H/F,REMOTE,"AWS, PYSPARK, HADOOP",2026-03-30,Hellowork
,Data Engineer H/F,REMOTE,"AWS, PYSPARK, HADOOP",2026-03-30,Hellowork
,Data Engineer H/F,REMOTE,"AWS, PYSPARK, HADOOP",2026-03-30,Hellowork
,Data Engineer H/F,REMOTE,"AWS, PYSPARK, HADOOP",2026-03-30,Hellowork
,Data Engineer H/F,REMOTE,"AWS, PYSPARK, HADOOP",2026-03-30,Hellowork
,Data Engineer H/F,REMOTE,"AWS, PYSPARK, HADOOP",2026-03-30,Hellowork
,Data Engineer H/F,REMOTE,"AWS, PYSPARK, HADOOP",2026-03-30,Hellowork
,Data Engineer H/F,REMOTE,"AWS, PYSPARK, HADOOP",2026-03-30,Hellowork
,Data Engineer H/F,REMOTE,"AWS, PYSPARK, HADOOP",2026-03-30,Hellowork
,Data Engineer H/F,REMOTE,"AWS, PYSPARK, HADOOP",2026-03-30,Hellowork
,Data Engineer H/F,REMOTE,"AWS, PYSPARK, HADOOP",2026-03-30,Hellowork
,Data Engineer H/F,REMOTE,"AWS, PYSPARK, HADOOP",2026-03-30,Hellowork
,Data Engineer H/F,REMOTE,"AWS, PYSPARK, HADOOP",2026-03-30,Hellowork
,Data Engineer H/F,REMOTE,"AWS, PYSPARK, HADOOP",2026-03-30,Hellowork
,Data Engineer H/F,REMOTE,"AWS, PYSPARK, HADOOP",2026-03-30,Hellowork
,Data Engineer H/F,REMOTE,"AWS, PYSPARK, HADOOP",2026-03-30,Hellowork
,Data Engineer,FRANCE,"PYTHON, SQL",2026-03-30,Hellowork
,Data Engineer Senior H/F,FRANCE,"HADOOP, SPARK, KAFKA",2026-03-30,Hellowork
,Data Engineer Confirmé H/F,FRANCE,"HADOOP, SPARK, SQL",2026-03-30,Hellowork
,Data Engineer H/F,REMOTE,"AWS, PYSPARK, HADOOP",2026-03-30,Hellowork
,Lead Data Engineer H/F,REMOTE,"HADOOP, SPARK, KAFKA",2026-03-30,Hellowork
,Data Engineer Confirmé H/F,FRANCE,"HADOOP, SPARK, SQL",2026-03-30,Hellowork
,Data Engineer Microsoft H/F,FRANCE,"PYTHON, SQL",2026-03-30,Hellowork
,Data Engineer Ssis H/F,NON SPÉCIFIÉ,"SSIS, SQL SERVER, .NET",2026-03-30,Hellowork
,Data Engineer H/F,REMOTE,"AWS, PYSPARK, HADOOP",2026-03-30,Hellowork
,Data Engineer Senior H/F,FRANCE,"HADOOP, SPARK, KAFKA",2026-03-30,Hellowork
,Data Engineer Splunk H/F,FRANCE,"SPLUNK, PYTHON, HADOOP",2026-03-30,Hellowork
,Data Engineer H/F,REMOTE,"AWS, PYSPARK, HADOOP",2026-03-30,Hellowork
,Data Engineer Confirmé H/F,FRANCE,"HADOOP, SPARK, SQL",2026-03-30,Hellowork
,Data Engineer,FRANCE,"HADOOP, SPARK, KAFKA",2026-03-30,Hellowork
,Data Engineer H/F,REMOTE,"AWS, PYSPARK, HADOOP",2026-03-30,Hellowork
,Data Engineer Sénior H/F,REMOTE,"SPARK, HADOOP, KAFKA",2026-03-30,Hellowork
,Data Engineer H/F,REMOTE,"AWS, PYSPARK, HADOOP",2026-03-30,Hellowork
,Data Engineer Expérimenté H/F,FRANCE,"HADOOP, SPARK, KAFKA",2026-03-30,Hellowork
,Data Engineer,NANTES,"HADOOP, SPARK, KAFKA",2026-03-30,Hellowork
,Data Engineer Expérimenté·e H/F,FRANCE,"SPARK, HADOOP, KAFKA",2026-03-30,Hellowork
